{
  "获取用户总数" : {
    "transaction" : "获取用户总数",
    "sampleCount" : 6653,
    "errorCount" : 1,
    "errorPct" : 0.015030813,
    "meanResTime" : 4219.598076055921,
    "medianResTime" : 2690.0,
    "minResTime" : 7.0,
    "maxResTime" : 31317.0,
    "pct1ResTime" : 10489.0,
    "pct2ResTime" : 12725.59999999997,
    "pct3ResTime" : 18294.420000000002,
    "throughput" : 74.84531443356958,
    "receivedKBytesPerSec" : 15.987335558696142,
    "sentKBytesPerSec" : 31.13682026240297
  },
  "Total" : {
    "transaction" : "Total",
    "sampleCount" : 31014,
    "errorCount" : 7,
    "errorPct" : 0.022570452,
    "meanResTime" : 3794.3408138260197,
    "medianResTime" : 2484.0,
    "minResTime" : 0.0,
    "maxResTime" : 49984.0,
    "pct1ResTime" : 10589.900000000001,
    "pct2ResTime" : 14420.650000000005,
    "pct3ResTime" : 23492.88000000002,
    "throughput" : 167.28516257092926,
    "receivedKBytesPerSec" : 200.1270886035837,
    "sentKBytesPerSec" : 63.08573417677567
  },
  "步骤1-用户登录" : {
    "transaction" : "步骤1-用户登录",
    "sampleCount" : 5135,
    "errorCount" : 2,
    "errorPct" : 0.038948394,
    "meanResTime" : 8496.296202531652,
    "medianResTime" : 7291.0,
    "minResTime" : 396.0,
    "maxResTime" : 49984.0,
    "pct1ResTime" : 14937.60000000003,
    "pct2ResTime" : 19171.6,
    "pct3ResTime" : 28366.280000000024,
    "throughput" : 27.80635728596957,
    "receivedKBytesPerSec" : 23.865718452171443,
    "sentKBytesPerSec" : 6.924434675705313
  },
  "用户登录" : {
    "transaction" : "用户登录",
    "sampleCount" : 726,
    "errorCount" : 0,
    "errorPct" : 0.0,
    "meanResTime" : 10307.05922865013,
    "medianResTime" : 8966.5,
    "minResTime" : 601.0,
    "maxResTime" : 38418.0,
    "pct1ResTime" : 19194.6,
    "pct2ResTime" : 22322.149999999998,
    "pct3ResTime" : 31719.870000000006,
    "throughput" : 5.689120145440867,
    "receivedKBytesPerSec" : 4.887029077888443,
    "sentKBytesPerSec" : 1.4167242549681849
  },
  "根据ID获取用户信息" : {
    "transaction" : "根据ID获取用户信息",
    "sampleCount" : 7032,
    "errorCount" : 0,
    "errorPct" : 0.0,
    "meanResTime" : 1241.0826222980634,
    "medianResTime" : 907.0,
    "minResTime" : 11.0,
    "maxResTime" : 10363.0,
    "pct1ResTime" : 2959.0999999999995,
    "pct2ResTime" : 3203.0,
    "pct3ResTime" : 4180.510000000004,
    "throughput" : 88.8563161020483,
    "receivedKBytesPerSec" : 48.53854600370867,
    "sentKBytesPerSec" : 37.061150910107536
  },
  "登录获取Token" : {
    "transaction" : "登录获取Token",
    "sampleCount" : 1000,
    "errorCount" : 0,
    "errorPct" : 0.0,
    "meanResTime" : 11946.804000000004,
    "medianResTime" : 10940.5,
    "minResTime" : 424.0,
    "maxResTime" : 39400.0,
    "pct1ResTime" : 22382.8,
    "pct2ResTime" : 25512.599999999995,
    "pct3ResTime" : 34089.030000000006,
    "throughput" : 9.51492892348094,
    "receivedKBytesPerSec" : 8.172812889517402,
    "sentKBytesPerSec" : 2.369440308093399
  },
  "用户注册" : {
    "transaction" : "用户注册",
    "sampleCount" : 415,
    "errorCount" : 0,
    "errorPct" : 0.0,
    "meanResTime" : 3942.4795180722876,
    "medianResTime" : 2203.0,
    "minResTime" : 103.0,
    "maxResTime" : 25402.0,
    "pct1ResTime" : 9339.800000000003,
    "pct2ResTime" : 11817.4,
    "pct3ResTime" : 20789.2,
    "throughput" : 5.061037329723534,
    "receivedKBytesPerSec" : 1.5003160290064514,
    "sentKBytesPerSec" : 1.64582561601361
  },
  "步骤2-获取当前用户信息" : {
    "transaction" : "步骤2-获取当前用户信息",
    "sampleCount" : 4786,
    "errorCount" : 2,
    "errorPct" : 0.04178855,
    "meanResTime" : 1373.5806519013827,
    "medianResTime" : 1268.0,
    "minResTime" : 2.0,
    "maxResTime" : 10785.0,
    "pct1ResTime" : 2664.3,
    "pct2ResTime" : 3090.2999999999993,
    "pct3ResTime" : 4157.040000000001,
    "throughput" : 28.484026091510735,
    "receivedKBytesPerSec" : 22.406600721846285,
    "sentKBytesPerSec" : 11.819716788970624
  },
  "步骤3-获取用户权限" : {
    "transaction" : "步骤3-获取用户权限",
    "sampleCount" : 4767,
    "errorCount" : 2,
    "errorPct" : 0.04195511,
    "meanResTime" : 1422.2865533878817,
    "medianResTime" : 1212.0,
    "minResTime" : 2.0,
    "maxResTime" : 7679.0,
    "pct1ResTime" : 2691.0,
    "pct2ResTime" : 3191.0,
    "pct3ResTime" : 5492.199999999997,
    "throughput" : 28.634242156668407,
    "receivedKBytesPerSec" : 128.6586763101502,
    "sentKBytesPerSec" : 12.077783177607985
  },
  "完整用户流程" : {
    "transaction" : "完整用户流程",
    "sampleCount" : 5216,
    "errorCount" : 2,
    "errorPct" : 0.03834356,
    "meanResTime" : 11008.67427147238,
    "medianResTime" : 9684.5,
    "minResTime" : 0.0,
    "maxResTime" : 52588.0,
    "pct1ResTime" : 18686.0,
    "pct2ResTime" : 22917.15,
    "pct3ResTime" : 32425.85999999999,
    "throughput" : 28.12269171254037,
    "receivedKBytesPerSec" : 159.54395884946865,
    "sentKBytesPerSec" : 28.443108759428593
  }
}