{
  "获取用户总数" : {
    "transaction" : "获取用户总数",
    "sampleCount" : 2250,
    "errorCount" : 0,
    "errorPct" : 0.0,
    "meanResTime" : 8016.927555555553,
    "medianResTime" : 9002.5,
    "minResTime" : 4.0,
    "maxResTime" : 20902.0,
    "pct1ResTime" : 14798.0,
    "pct2ResTime" : 15299.45,
    "pct3ResTime" : 17049.50999999998,
    "throughput" : 21.32984471873045,
    "receivedKBytesPerSec" : 4.540923973323474,
    "sentKBytesPerSec" : 8.873548681815596
  },
  "Total" : {
    "transaction" : "Total",
    "sampleCount" : 14657,
    "errorCount" : 0,
    "errorPct" : 0.0,
    "meanResTime" : 9211.65204339225,
    "medianResTime" : 8991.0,
    "minResTime" : 0.0,
    "maxResTime" : 33294.0,
    "pct1ResTime" : 17297.800000000003,
    "pct2ResTime" : 20736.199999999968,
    "pct3ResTime" : 24499.0,
    "throughput" : 77.77329696802471,
    "receivedKBytesPerSec" : 100.12833802823441,
    "sentKBytesPerSec" : 28.70086811451358
  },
  "步骤1-用户登录" : {
    "transaction" : "步骤1-用户登录",
    "sampleCount" : 2700,
    "errorCount" : 0,
    "errorPct" : 0.0,
    "meanResTime" : 13382.448518518528,
    "medianResTime" : 12688.5,
    "minResTime" : 507.0,
    "maxResTime" : 28998.0,
    "pct1ResTime" : 21285.8,
    "pct2ResTime" : 22999.9,
    "pct3ResTime" : 25417.97,
    "throughput" : 14.377838957553424,
    "receivedKBytesPerSec" : 12.338575891692273,
    "sentKBytesPerSec" : 3.5804188810313704
  },
  "用户登录" : {
    "transaction" : "用户登录",
    "sampleCount" : 511,
    "errorCount" : 0,
    "errorPct" : 0.0,
    "meanResTime" : 16074.176125244609,
    "medianResTime" : 16592.0,
    "minResTime" : 217.0,
    "maxResTime" : 30098.0,
    "pct1ResTime" : 23271.8,
    "pct2ResTime" : 24696.4,
    "pct3ResTime" : 27784.96,
    "throughput" : 3.7092957419317374,
    "receivedKBytesPerSec" : 3.18593928069787,
    "sentKBytesPerSec" : 0.9237015763599541
  },
  "根据ID获取用户信息" : {
    "transaction" : "根据ID获取用户信息",
    "sampleCount" : 2671,
    "errorCount" : 0,
    "errorPct" : 0.0,
    "meanResTime" : 7511.41407712468,
    "medianResTime" : 8399.0,
    "minResTime" : 6.0,
    "maxResTime" : 16002.0,
    "pct1ResTime" : 14594.0,
    "pct2ResTime" : 14898.0,
    "pct3ResTime" : 15391.560000000001,
    "throughput" : 25.55834114787668,
    "receivedKBytesPerSec" : 13.952342598750311,
    "sentKBytesPerSec" : 10.66000210215203
  },
  "登录获取Token" : {
    "transaction" : "登录获取Token",
    "sampleCount" : 1000,
    "errorCount" : 0,
    "errorPct" : 0.0,
    "meanResTime" : 15452.949,
    "medianResTime" : 16573.0,
    "minResTime" : 61.0,
    "maxResTime" : 33294.0,
    "pct1ResTime" : 23177.0,
    "pct2ResTime" : 24445.199999999997,
    "pct3ResTime" : 26543.550000000003,
    "throughput" : 8.683042885548812,
    "receivedKBytesPerSec" : 7.452094363511248,
    "sentKBytesPerSec" : 2.162281187319284
  },
  "用户注册" : {
    "transaction" : "用户注册",
    "sampleCount" : 318,
    "errorCount" : 0,
    "errorPct" : 0.0,
    "meanResTime" : 8916.811320754712,
    "medianResTime" : 8674.0,
    "minResTime" : 68.0,
    "maxResTime" : 31197.0,
    "pct1ResTime" : 14988.6,
    "pct2ResTime" : 17786.5,
    "pct3ResTime" : 23954.000000000015,
    "throughput" : 3.5624663918264923,
    "receivedKBytesPerSec" : 1.0542485807548396,
    "sentKBytesPerSec" : 1.1584973715607636
  },
  "步骤2-获取当前用户信息" : {
    "transaction" : "步骤2-获取当前用户信息",
    "sampleCount" : 2402,
    "errorCount" : 0,
    "errorPct" : 0.0,
    "meanResTime" : 6050.617818484597,
    "medianResTime" : 4594.5,
    "minResTime" : 96.0,
    "maxResTime" : 16520.0,
    "pct1ResTime" : 13200.1,
    "pct2ResTime" : 14391.85,
    "pct3ResTime" : 15291.359999999982,
    "throughput" : 13.134080258963381,
    "receivedKBytesPerSec" : 10.334294586566275,
    "sentKBytesPerSec" : 5.451156357479919
  },
  "步骤3-获取用户权限" : {
    "transaction" : "步骤3-获取用户权限",
    "sampleCount" : 2305,
    "errorCount" : 0,
    "errorPct" : 0.0,
    "meanResTime" : 5637.4655097613895,
    "medianResTime" : 4392.0,
    "minResTime" : 105.0,
    "maxResTime" : 16326.0,
    "pct1ResTime" : 12642.000000000007,
    "pct2ResTime" : 14205.199999999999,
    "pct3ResTime" : 15200.0,
    "throughput" : 12.659062076086181,
    "receivedKBytesPerSec" : 56.903205929782025,
    "sentKBytesPerSec" : 5.340541813348858
  },
  "完整用户流程" : {
    "transaction" : "完整用户流程",
    "sampleCount" : 2714,
    "errorCount" : 0,
    "errorPct" : 0.0,
    "meanResTime" : 23684.057848194563,
    "medianResTime" : 20281.5,
    "minResTime" : 0.0,
    "maxResTime" : 58591.0,
    "pct1ResTime" : 42290.0,
    "pct2ResTime" : 45852.75,
    "pct3ResTime" : 50311.14999999999,
    "throughput" : 14.390930638259514,
    "receivedKBytesPerSec" : 77.24717547662667,
    "sentKBytesPerSec" : 14.00760897590553
  }
}